{
  "q1": {
    "accuracy": 11.432098765432098,
    "correct": 463,
    "total": 4050
  },
  "q2": {
    "accuracy": 17.209876543209877,
    "correct": 697,
    "total": 4050
  },
  "q3": {
    "accuracy": 43.53086419753087,
    "correct": 1763,
    "total": 4050
  },
  "q4": {
    "accuracy": 85.33333333333334,
    "correct": 3456,
    "total": 4050
  },
  "q5": {
    "accuracy": 99.72839506172839,
    "correct": 4039,
    "total": 4050
  },
  "q6": {
    "accuracy": 99.72839506172839,
    "correct": 4039,
    "total": 4050
  }
}