{
  "msillm": {
    "q1": {
      "resnet18": {
        "accuracy": 95.20779220779221,
        "class_accuracies": {
          "beach": 99.28571428571429,
          "circular_farmland": 95.14285714285714,
          "dense_residential": 88.57142857142857,
          "forest": 88.71428571428571,
          "freeway": 97.0,
          "industrial_area": 99.0,
          "lake": 98.57142857142857,
          "meadow": 98.42857142857143,
          "medium_residential": 92.0,
          "rectangular_farmland": 96.57142857142857,
          "river": 94.0
        },
        "total_images": 7700
      },
      "vit": {
        "accuracy": 95.93506493506493,
        "class_accuracies": {
          "beach": 99.57142857142857,
          "circular_farmland": 97.57142857142857,
          "dense_residential": 87.57142857142857,
          "forest": 92.28571428571429,
          "freeway": 93.85714285714286,
          "industrial_area": 98.28571428571429,
          "lake": 98.14285714285714,
          "meadow": 98.0,
          "medium_residential": 95.14285714285714,
          "rectangular_farmland": 97.42857142857143,
          "river": 97.42857142857143
        },
        "total_images": 7700
      }
    },
    "q2": {
      "resnet18": {
        "accuracy": 97.0,
        "class_accuracies": {
          "beach": 99.28571428571429,
          "circular_farmland": 97.71428571428571,
          "dense_residential": 94.71428571428571,
          "forest": 94.28571428571429,
          "freeway": 97.14285714285714,
          "industrial_area": 99.42857142857143,
          "lake": 99.14285714285714,
          "meadow": 98.85714285714286,
          "medium_residential": 90.57142857142857,
          "rectangular_farmland": 98.0,
          "river": 97.85714285714286
        },
        "total_images": 7700
      },
      "vit": {
        "accuracy": 98.64935064935065,
        "class_accuracies": {
          "beach": 99.57142857142857,
          "circular_farmland": 99.14285714285714,
          "dense_residential": 97.71428571428571,
          "forest": 97.42857142857143,
          "freeway": 97.0,
          "industrial_area": 99.57142857142857,
          "lake": 99.14285714285714,
          "meadow": 99.42857142857143,
          "medium_residential": 97.28571428571429,
          "rectangular_farmland": 99.28571428571429,
          "river": 99.57142857142857
        },
        "total_images": 7700
      }
    },
    "q3": {
      "resnet18": {
        "accuracy": 97.93506493506493,
        "class_accuracies": {
          "beach": 99.28571428571429,
          "circular_farmland": 99.0,
          "dense_residential": 97.42857142857143,
          "forest": 95.71428571428571,
          "freeway": 98.14285714285714,
          "industrial_area": 99.28571428571429,
          "lake": 99.14285714285714,
          "meadow": 99.42857142857143,
          "medium_residential": 91.71428571428571,
          "rectangular_farmland": 99.14285714285714,
          "river": 99.0
        },
        "total_images": 7700
      },
      "vit": {
        "accuracy": 99.22077922077922,
        "class_accuracies": {
          "beach": 99.57142857142857,
          "circular_farmland": 99.85714285714286,
          "dense_residential": 98.57142857142857,
          "forest": 98.71428571428571,
          "freeway": 99.0,
          "industrial_area": 99.42857142857143,
          "lake": 99.28571428571429,
          "meadow": 99.57142857142857,
          "medium_residential": 98.28571428571429,
          "rectangular_farmland": 99.57142857142857,
          "river": 99.57142857142857
        },
        "total_images": 7700
      }
    },
    "q4": {
      "resnet18": {
        "accuracy": 98.20779220779221,
        "class_accuracies": {
          "beach": 99.42857142857143,
          "circular_farmland": 99.28571428571429,
          "dense_residential": 97.28571428571429,
          "forest": 96.42857142857143,
          "freeway": 98.0,
          "industrial_area": 99.42857142857143,
          "lake": 99.14285714285714,
          "meadow": 99.28571428571429,
          "medium_residential": 93.57142857142857,
          "rectangular_farmland": 99.28571428571429,
          "river": 99.14285714285714
        },
        "total_images": 7700
      },
      "vit": {
        "accuracy": 99.32467532467533,
        "class_accuracies": {
          "beach": 99.57142857142857,
          "circular_farmland": 99.85714285714286,
          "dense_residential": 98.0,
          "forest": 98.57142857142857,
          "freeway": 99.57142857142857,
          "industrial_area": 99.57142857142857,
          "lake": 99.71428571428571,
          "meadow": 99.42857142857143,
          "medium_residential": 99.14285714285714,
          "rectangular_farmland": 99.57142857142857,
          "river": 99.57142857142857
        },
        "total_images": 7700
      }
    },
    "q5": {
      "resnet18": {
        "accuracy": 98.37662337662337,
        "class_accuracies": {
          "beach": 99.42857142857143,
          "circular_farmland": 99.42857142857143,
          "dense_residential": 97.85714285714286,
          "forest": 97.0,
          "freeway": 98.28571428571429,
          "industrial_area": 99.42857142857143,
          "lake": 99.14285714285714,
          "meadow": 99.57142857142857,
          "medium_residential": 93.57142857142857,
          "rectangular_farmland": 99.42857142857143,
          "river": 99.0
        },
        "total_images": 7700
      },
      "vit": {
        "accuracy": 99.40259740259741,
        "class_accuracies": {
          "beach": 99.57142857142857,
          "circular_farmland": 100.0,
          "dense_residential": 98.42857142857143,
          "forest": 98.85714285714286,
          "freeway": 99.71428571428571,
          "industrial_area": 99.28571428571429,
          "lake": 99.71428571428571,
          "meadow": 99.42857142857143,
          "medium_residential": 99.14285714285714,
          "rectangular_farmland": 99.57142857142857,
          "river": 99.71428571428571
        },
        "total_images": 7700
      }
    },
    "q6": {
      "resnet18": {
        "accuracy": 98.42857142857143,
        "class_accuracies": {
          "beach": 99.28571428571429,
          "circular_farmland": 99.28571428571429,
          "dense_residential": 97.28571428571429,
          "forest": 97.28571428571429,
          "freeway": 98.28571428571429,
          "industrial_area": 99.42857142857143,
          "lake": 99.14285714285714,
          "meadow": 99.57142857142857,
          "medium_residential": 95.0,
          "rectangular_farmland": 99.14285714285714,
          "river": 99.0
        },
        "total_images": 7700
      },
      "vit": {
        "accuracy": 99.49350649350649,
        "class_accuracies": {
          "beach": 99.85714285714286,
          "circular_farmland": 99.85714285714286,
          "dense_residential": 98.42857142857143,
          "forest": 99.28571428571429,
          "freeway": 99.85714285714286,
          "industrial_area": 99.42857142857143,
          "lake": 99.71428571428571,
          "meadow": 99.42857142857143,
          "medium_residential": 99.0,
          "rectangular_farmland": 99.71428571428571,
          "river": 99.85714285714286
        },
        "total_images": 7700
      }
    }
  },
  "cheng2020": {
    "q1": {
      "resnet18": {
        "accuracy": 82.76623376623377,
        "class_accuracies": {
          "beach": 99.42857142857143,
          "circular_farmland": 94.28571428571429,
          "dense_residential": 94.0,
          "forest": 66.14285714285714,
          "freeway": 85.28571428571429,
          "industrial_area": 98.71428571428571,
          "lake": 92.71428571428571,
          "meadow": 52.57142857142857,
          "medium_residential": 80.57142857142857,
          "rectangular_farmland": 78.0,
          "river": 68.71428571428571
        },
        "total_images": 7700
      },
      "vit": {
        "accuracy": 91.01298701298701,